symbol,report_date,total_shares
Adani Enterprises Limited,2023-12-31,1140001121
Adani Enterprises Limited,2024-03-31,1140001121
Adani Enterprises Limited,2024-12-31,1154180729
Adani Enterprises Limited,2025-03-31,1154180729
Adani Enterprises Limited,2025-09-30,1154180729
Adani Enterprises Limited,2025-06-30,1154180729
Adani Enterprises Limited,2024-09-30,1140001121
Adani Enterprises Limited,2023-06-30,1140001121
Adani Enterprises Limited,2024-06-30,1140001121
Adani Enterprises Limited,2023-09-30,1140001121
Adani Enterprises Limited,2023-03-31,1140001121
Adani Enterprises Limited,2022-06-30,1140001121
Adani Enterprises Limited,2022-12-31,1140001121
Adani Enterprises Limited,2022-09-30,1140001121
Adani Enterprises Limited,2022-03-31,1099810083
Adani Enterprises Limited,2022-05-12,1140001121
Adani Enterprises Limited,2021-12-31,1099810083
Adani Enterprises Limited,2021-09-30,1099810083
Adani Enterprises Limited,2021-03-31,1099810083
Adani Enterprises Limited,2021-06-30,1099810083
Adani Enterprises Limited,2020-12-31,1099810083
Adani Enterprises Limited,2020-09-30,1099810083
Adani Enterprises Limited,2020-06-30,1099810083
Adani Enterprises Limited,2020-03-31,1099810083
Adani Enterprises Limited,2019-12-31,1099810083
Adani Ports and Special Economic Zone Limited,2024-06-30,2160138945
Adani Ports and Special Economic Zone Limited,2024-03-31,2160138945
Adani Ports and Special Economic Zone Limited,2023-03-31,2160138945
Adani Ports and Special Economic Zone Limited,2023-09-30,2160138945
Adani Ports and Special Economic Zone Limited,2023-06-30,2160138945
Adani Ports and Special Economic Zone Limited,2024-09-30,2160138945
Adani Ports and Special Economic Zone Limited,2023-12-31,2160138945
Adani Ports and Special Economic Zone Limited,2022-10-19,2160138945
Adani Ports and Special Economic Zone Limited,2022-09-30,2112373230
Adani Ports and Special Economic Zone Limited,2022-12-31,2160138945
Adani Ports and Special Economic Zone Limited,2022-06-30,2112373230
Adani Ports and Special Economic Zone Limited,2022-03-31,2112373230
Adani Ports and Special Economic Zone Limited,2022-02-21,2112373230
Adani Ports and Special Economic Zone Limited,2021-12-31,2041751761
Adani Ports and Special Economic Zone Limited,2021-09-30,2041751761
Adani Ports and Special Economic Zone Limited,2021-06-30,2041751761
Adani Ports and Special Economic Zone Limited,2021-03-31,2031751761
Adani Ports and Special Economic Zone Limited,2020-09-30,2031751761
Adani Ports and Special Economic Zone Limited,2020-12-31,2031751761
Adani Ports and Special Economic Zone Limited,2020-03-31,2031751761
Adani Ports and Special Economic Zone Limited,2019-12-31,2031751761
Adani Ports and Special Economic Zone Limited,2019-06-30,2070951761
Adani Ports and Special Economic Zone Limited,2019-03-31,2070951761
Adani Ports and Special Economic Zone Limited,2019-09-30,2031751761
Adani Ports and Special Economic Zone Limited,2018-12-31,2070951761
Adani Ports and Special Economic Zone Limited,2018-09-30,2070951761
Adani Ports and Special Economic Zone Limited,2018-03-31,2070951761
Adani Ports and Special Economic Zone Limited,2018-06-30,2070951761
Ambuja Cements Limited,2025-06-30,2463123478
Ambuja Cements Limited,2024-09-30,2463123478
Ambuja Cements Limited,2024-12-31,2463123478
Ambuja Cements Limited,2025-09-30,2471823478
Ambuja Cements Limited,2025-03-31,2463123478
Ambuja Cements Limited,2024-06-30,2463123478
Ambuja Cements Limited,2024-04-12,2463123478
Ambuja Cements Limited,2023-12-31,1985645229
Ambuja Cements Limited,2024-03-31,2197675987
Ambuja Cements Limited,2023-09-30,1985645229
Ambuja Cements Limited,2024-03-29,2197675987
Ambuja Cements Limited,2023-06-30,1985645229
Ambuja Cements Limited,2023-03-31,1985843229
Ambuja Cements Limited,2022-06-30,1985645229
Ambuja Cements Limited,2022-12-31,1985645229
Ambuja Cements Limited,2022-09-30,1985645229
Ambuja Cements Limited,2022-03-31,1985645229
Ambuja Cements Limited,2021-12-31,1985645229
Ambuja Cements Limited,2021-06-30,1985645229
Ambuja Cements Limited,2021-09-30,1985645229
Ambuja Cements Limited,2020-12-31,1985645229
Ambuja Cements Limited,2020-09-30,1985645229
Ambuja Cements Limited,2021-03-31,1985645229
Ambuja Cements Limited,2019-06-30,1985645229
Ambuja Cements Limited,2020-03-31,1985645229
Ambuja Cements Limited,2019-09-30,1985645229
Ambuja Cements Limited,2019-12-31,1985645229
Ambuja Cements Limited,2020-06-30,1985645229
Ambuja Cements Limited,2019-03-31,1985645229
Ambuja Cements Limited,2018-09-30,1985645229
Ambuja Cements Limited,2018-06-30,1985645229
Ambuja Cements Limited,2018-12-31,1985645229
Apollo Hospitals Enterprise Limited,2025-09-30,143784657
Apollo Hospitals Enterprise Limited,2025-06-30,143784657
Apollo Hospitals Enterprise Limited,2025-03-31,143784657
Apollo Hospitals Enterprise Limited,2024-06-30,143784657
Apollo Hospitals Enterprise Limited,2023-12-31,143784657
Apollo Hospitals Enterprise Limited,2024-03-31,143784657
Apollo Hospitals Enterprise Limited,2023-09-30,143784657
Apollo Hospitals Enterprise Limited,2024-09-30,143784657
Apollo Hospitals Enterprise Limited,2024-12-31,143784657
Apollo Hospitals Enterprise Limited,2023-06-30,143784657
Apollo Hospitals Enterprise Limited,2023-03-31,143784657
Apollo Hospitals Enterprise Limited,2022-12-31,143784657
Apollo Hospitals Enterprise Limited,2022-06-30,143784657
Apollo Hospitals Enterprise Limited,2022-09-30,143784657
Apollo Hospitals Enterprise Limited,2022-03-31,143784657
Apollo Hospitals Enterprise Limited,2021-12-31,143784657
Apollo Hospitals Enterprise Limited,2021-09-30,143784657
Apollo Hospitals Enterprise Limited,2021-03-31,143784657
Apollo Hospitals Enterprise Limited,2021-01-23,143784657
Apollo Hospitals Enterprise Limited,2021-06-30,143784657
Apollo Hospitals Enterprise Limited,2020-09-30,139125159
Apollo Hospitals Enterprise Limited,2020-12-31,139125159
Apollo Hospitals Enterprise Limited,2019-12-31,139125159
Apollo Hospitals Enterprise Limited,2020-03-31,139125159
Apollo Hospitals Enterprise Limited,2020-06-30,139125159
Apollo Hospitals Enterprise Limited,2019-09-30,139125159
Apollo Hospitals Enterprise Limited,2019-03-31,139125159
Apollo Hospitals Enterprise Limited,2019-06-30,139125159
Apollo Hospitals Enterprise Limited,2018-12-31,139125159
Apollo Hospitals Enterprise Limited,2018-09-30,139125159
Apollo Hospitals Enterprise Limited,2018-06-30,139125159
Asian Paints Limited,2025-06-30,959197790
Asian Paints Limited,2023-06-30,959197790
Asian Paints Limited,2025-03-31,959197790
Asian Paints Limited,2024-12-31,959197790
Asian Paints Limited,2023-03-31,959197790
Asian Paints Limited,2024-03-31,959197790
Asian Paints Limited,2023-12-31,959197790
Asian Paints Limited,2024-09-30,959197790
Asian Paints Limited,2023-09-30,959197790
Asian Paints Limited,2024-06-30,959197790
Asian Paints Limited,2022-12-31,959197790
Asian Paints Limited,2022-06-30,959197790
Asian Paints Limited,2022-03-31,959197790
Asian Paints Limited,2022-09-30,959197790
Asian Paints Limited,2021-12-31,959197790
Asian Paints Limited,2021-09-30,959197790
Asian Paints Limited,2021-06-30,959197790
Asian Paints Limited,2020-12-31,959197790
Asian Paints Limited,2021-03-31,959197790
Asian Paints Limited,2020-09-30,959197790
Asian Paints Limited,2020-06-30,959197790
Asian Paints Limited,2018-09-30,959197790
Asian Paints Limited,2019-03-31,959197790
Asian Paints Limited,2018-03-31,959197790
Asian Paints Limited,2018-06-30,959197790
Asian Paints Limited,2020-03-31,959197790
Asian Paints Limited,2018-12-31,959197790
Asian Paints Limited,2019-12-31,959197790
Asian Paints Limited,2019-09-30,959197790
Asian Paints Limited,2019-06-30,959197790
Aurobindo Pharma Limited,2025-09-30,580801623
Aurobindo Pharma Limited,2025-06-30,580801623
Aurobindo Pharma Limited,2025-03-31,580801623
Aurobindo Pharma Limited,2024-09-30,580801623
Aurobindo Pharma Limited,2023-12-31,585938609
Aurobindo Pharma Limited,2024-12-31,580801623
Aurobindo Pharma Limited,2024-06-30,585938609
Aurobindo Pharma Limited,2024-03-31,585938609
Aurobindo Pharma Limited,2023-09-30,585938609
Aurobindo Pharma Limited,2023-06-30,585938609
Aurobindo Pharma Limited,2023-03-31,585938609
Aurobindo Pharma Limited,2022-06-30,585938609
Aurobindo Pharma Limited,2022-09-30,585938609
Aurobindo Pharma Limited,2022-12-31,585938609
Aurobindo Pharma Limited,2022-03-31,585938609
Aurobindo Pharma Limited,2021-12-31,585938609
Aurobindo Pharma Limited,2021-09-30,585938609
Aurobindo Pharma Limited,2021-06-30,585938609
Aurobindo Pharma Limited,2021-03-31,585938609
Aurobindo Pharma Limited,2020-09-30,585938609
Aurobindo Pharma Limited,2020-12-31,585938609
Aurobindo Pharma Limited,2020-06-30,585938609
Aurobindo Pharma Limited,2019-12-31,585938609
Aurobindo Pharma Limited,2020-03-31,585938609
Aurobindo Pharma Limited,2019-09-30,585938609
Aurobindo Pharma Limited,2019-06-30,585915609
Aurobindo Pharma Limited,2019-03-31,585915609
Aurobindo Pharma Limited,2018-12-31,585907609
Aurobindo Pharma Limited,2018-09-30,585907609
Aurobindo Pharma Limited,2018-06-30,585907609
Axis Bank Limited,2025-06-30,3101188425
Axis Bank Limited,2025-09-30,3102879031
Axis Bank Limited,2024-12-31,3095171531
Axis Bank Limited,2024-09-30,3093254378
Axis Bank Limited,2025-03-31,3097369066
Axis Bank Limited,2024-06-30,3090246466
Axis Bank Limited,2023-12-31,3084019057
Axis Bank Limited,2024-03-31,3086570375
Axis Bank Limited,2023-09-30,3081760824
Axis Bank Limited,2023-06-30,3079738904
Axis Bank Limited,2023-03-31,3076852012
Axis Bank Limited,2022-12-31,3074956918
Axis Bank Limited,2022-09-30,3072321111
Axis Bank Limited,2022-06-30,3071432148
Axis Bank Limited,2022-03-31,3069747836
Axis Bank Limited,2021-12-31,3067661758
Axis Bank Limited,2021-09-30,3066645378
Axis Bank Limited,2021-06-30,3065268517
Axis Bank Limited,2021-03-31,3063748652
Axis Bank Limited,2020-09-30,3060161084
Axis Bank Limited,2020-12-31,3061465082
Axis Bank Limited,2020-06-30,2822022959
Axis Bank Limited,2020-03-31,2821677934
Axis Bank Limited,2020-08-11,3060066034
Axis Bank Limited,2019-12-31,2819752963
Axis Bank Limited,2019-09-26,2819004453
Axis Bank Limited,2019-09-30,2819155633
Axis Bank Limited,2019-06-30,2619519511
Axis Bank Limited,2018-09-30,2569115216
Axis Bank Limited,2019-03-31,2571644871
Axis Bank Limited,2018-12-31,2569909771
Axis Bank Limited,2018-06-30,2567940686
Bajaj Auto Limited,2025-09-30,279257608
Bajaj Auto Limited,2025-03-31,279257608
Bajaj Auto Limited,2025-06-30,279257608
Bajaj Auto Limited,2024-12-31,279257608
Bajaj Auto Limited,2024-06-30,279179756
Bajaj Auto Limited,2024-03-31,279179756
Bajaj Auto Limited,2023-03-31,282957358
Bajaj Auto Limited,2024-09-30,279257608
Bajaj Auto Limited,2023-09-30,282957358
Bajaj Auto Limited,2023-06-30,282957358
Bajaj Auto Limited,2023-12-31,283179756
Bajaj Auto Limited,2022-12-31,282957358
Bajaj Auto Limited,2022-09-30,283679761
Bajaj Auto Limited,2021-12-31,289367020
Bajaj Auto Limited,2022-06-30,289367020
Bajaj Auto Limited,2021-09-30,289367020
Bajaj Auto Limited,2020-06-30,289367020
Bajaj Auto Limited,2020-03-31,289367020
Bajaj Auto Limited,2019-09-30,289367020
Bajaj Auto Limited,2021-06-30,289367020
Bajaj Auto Limited,2021-03-31,289367020
Bajaj Auto Limited,2020-09-30,289367020
Bajaj Auto Limited,2019-06-30,289367020
Bajaj Auto Limited,2020-12-31,289367020
Bajaj Auto Limited,2019-12-31,289367020
Bajaj Auto Limited,2019-03-31,289367020
Bajaj Auto Limited,2018-12-31,289367020
Bajaj Auto Limited,2018-09-30,289367020
Bajaj Auto Limited,2018-06-30,289367020
Bajaj Auto Limited,2018-03-31,289367020
Bajaj Finserv Limited,2025-09-30,1597813220
Bajaj Finserv Limited,2024-06-30,1596662097
Bajaj Finserv Limited,2025-06-30,1597813220
Bajaj Finserv Limited,2023-09-30,1595488813
Bajaj Finserv Limited,2023-12-31,1595488813
Bajaj Finserv Limited,2024-03-31,1595488813
Bajaj Finserv Limited,2023-03-31,1592815460
Bajaj Finserv Limited,2024-09-30,1596662097
Bajaj Finserv Limited,2024-12-31,1596662097
Bajaj Finserv Limited,2023-06-30,1592815460
Bajaj Finserv Limited,2025-03-31,1596662097
Bajaj Finserv Limited,2022-12-31,1592815460
Bajaj Finserv Limited,2022-06-30,159137444
Bajaj Finserv Limited,2022-09-30,1592815460
Bajaj Finserv Limited,2022-03-31,159137444
Bajaj Finserv Limited,2021-09-30,159137444
Bajaj Finserv Limited,2021-03-31,159137444
Bajaj Finserv Limited,2021-06-30,159137444
Bajaj Finserv Limited,2021-12-31,159137444
Bajaj Finserv Limited,2020-09-30,159137444
Bajaj Finserv Limited,2020-12-31,159137444
Bajaj Finserv Limited,2020-06-30,159137290
Bajaj Finserv Limited,2019-09-30,159137290
Bajaj Finserv Limited,2020-03-31,159137290
Bajaj Finserv Limited,2019-12-31,159137290
Bajaj Finserv Limited,2019-06-30,159136111
Bajaj Finserv Limited,2019-03-31,159136111
Bajaj Finserv Limited,2018-12-31,159136111
Bajaj Finserv Limited,2018-09-30,159136111
Bajaj Finserv Limited,2018-06-30,159135097
Bajaj Finance Limited,2025-06-30,6214286520
Bajaj Finance Limited,2024-06-30,618996320
Bajaj Finance Limited,2025-09-30,6222481865
Bajaj Finance Limited,2025-06-24,6214286520
Bajaj Finance Limited,2024-09-30,618996320
Bajaj Finance Limited,2023-12-31,618023077
Bajaj Finance Limited,2025-03-31,621428652
Bajaj Finance Limited,2023-11-09,618023077
Bajaj Finance Limited,2024-12-31,618996470
Bajaj Finance Limited,2024-03-31,618996320
Bajaj Finance Limited,2023-09-30,605918538
Bajaj Finance Limited,2023-06-30,605918538
Bajaj Finance Limited,2023-03-31,605429233
Bajaj Finance Limited,2022-12-31,605429233
Bajaj Finance Limited,2022-06-30,605429233
Bajaj Finance Limited,2021-12-31,603594345
Bajaj Finance Limited,2021-03-31,602587339
Bajaj Finance Limited,2020-12-31,602587339
Bajaj Finance Limited,2022-03-31,605429233
Bajaj Finance Limited,2021-06-30,603594345
Bajaj Finance Limited,2022-09-30,605429233
Bajaj Finance Limited,2020-09-30,602587339
Bajaj Finance Limited,2019-12-31,601689069
Bajaj Finance Limited,2019-11-07,601689069
Bajaj Finance Limited,2020-03-31,601689069
Bajaj Finance Limited,2019-06-30,579894198
Bajaj Finance Limited,2019-03-31,577968388
Bajaj Finance Limited,2019-09-30,579894198
Bajaj Finance Limited,2018-12-31,577968388
Bajaj Finance Limited,2018-06-30,577968388
Bajaj Finance Limited,2018-03-31,577968388
Bajaj Finance Limited,2018-09-30,577968388
Bharat Electronics Limited,2025-09-30,7309778829
Bharat Electronics Limited,2025-06-30,7309778829
Bharat Electronics Limited,2025-03-31,7309778829
Bharat Electronics Limited,2024-06-30,7309778829
Bharat Electronics Limited,2024-03-31,7309778829
Bharat Electronics Limited,2024-12-31,7309778829
Bharat Electronics Limited,2023-03-31,7309778829
Bharat Electronics Limited,2024-09-30,7309778829
Bharat Electronics Limited,2022-12-31,7309778829
Bharat Electronics Limited,2023-09-30,7309778829
Bharat Electronics Limited,2023-06-30,7309778829
Bharat Electronics Limited,2022-09-30,7309778829
Bharat Electronics Limited,2023-12-31,7309778829
Bharat Electronics Limited,2022-09-19,7309778829
Bharat Electronics Limited,2022-06-30,2436592943
Bharat Electronics Limited,2022-03-31,2436592943
Bharat Electronics Limited,2021-12-31,2436592943
Bharat Electronics Limited,2021-06-30,2436592943
Bharat Electronics Limited,2021-09-30,2436592943
Bharat Electronics Limited,2020-03-31,2436592943
Bharat Electronics Limited,2019-12-31,2436592943
Bharat Electronics Limited,2021-03-31,2436592943
Bharat Electronics Limited,2020-09-30,2436592943
Bharat Electronics Limited,2020-12-31,2436592943
Bharat Electronics Limited,2020-06-30,2436592943
Bharat Electronics Limited,2019-09-30,2436592943
Bharat Electronics Limited,2019-06-30,2436592943
Bharat Electronics Limited,2019-03-31,2436592943
Bharat Electronics Limited,2018-12-31,2436592943
Bharat Electronics Limited,2018-09-30,2436592943
Bharat Electronics Limited,2018-06-30,2436592943
Bharti Airtel Limited,2025-06-30,6094392981
Bharti Airtel Limited,2024-12-31,6088120683
Bharti Airtel Limited,2025-09-30,6094392981
Bharti Airtel Limited,2024-03-31,6047374739
Bharti Airtel Limited,2025-03-31,6094392981
Bharti Airtel Limited,2024-06-30,6083160811
Bharti Airtel Limited,2024-09-30,6085442148
Bharti Airtel Limited,2023-09-30,5997632401
Bharti Airtel Limited,2023-12-31,6017220484
Bharti Airtel Limited,2023-06-30,5973548138
Bharti Airtel Limited,2023-03-31,5967422312
Bharti Airtel Limited,2022-12-31,5956708229
Bharti Airtel Limited,2022-06-30,5884314930
Bharti Airtel Limited,2022-09-30,5955519312
Bharti Airtel Limited,2021-12-31,5884314930
Bharti Airtel Limited,2021-11-06,5884314930
Bharti Airtel Limited,2021-09-30,5492027268
Bharti Airtel Limited,2020-12-31,5455557355
Bharti Airtel Limited,2021-06-30,5492027268
Bharti Airtel Limited,2021-03-31,5492027268
Bharti Airtel Limited,2020-06-30,5455557355
Bharti Airtel Limited,2020-03-31,5455557355
Bharti Airtel Limited,2020-09-30,5455557355
Bharti Airtel Limited,2019-06-30,5130991182
Bharti Airtel Limited,2019-12-31,5131961850
Bharti Airtel Limited,2020-01-15,5455557355
Bharti Airtel Limited,2019-09-30,5131961850
Bharti Airtel Limited,2019-05-28,5130991182
Bharti Airtel Limited,2018-09-30,3997400107
Bharti Airtel Limited,2018-06-30,3997400107
Bharti Airtel Limited,2019-03-31,3997400107
Bharti Airtel Limited,2018-12-31,3997400107
Bharti Airtel Limited,2018-03-31,3997400102
Cipla Limited,2025-03-31,807617120
Cipla Limited,2025-09-30,807765695
Cipla Limited,2025-06-30,807794617
Cipla Limited,2024-12-31,807614040
Cipla Limited,2024-09-30,807566979
Cipla Limited,2023-12-31,807350398
Cipla Limited,2024-06-30,807517999
Cipla Limited,2024-03-31,807367062
Cipla Limited,2023-06-30,807224436
Cipla Limited,2023-09-30,807325429
Cipla Limited,2023-03-31,807150593
Cipla Limited,2022-12-31,807139168
Cipla Limited,2022-09-30,807001603
Cipla Limited,2022-06-30,806907203
Cipla Limited,2022-03-31,806814036
Cipla Limited,2021-12-31,806790214
Cipla Limited,2021-09-30,806653624
Cipla Limited,2021-06-30,806596753
Cipla Limited,2020-09-30,806337456
Cipla Limited,2021-03-31,806463279
Cipla Limited,2020-12-31,806455229
Cipla Limited,2019-12-31,806227596
Cipla Limited,2020-03-31,806235329
Cipla Limited,2019-06-30,805828425
Cipla Limited,2019-09-30,806077497
Cipla Limited,2019-03-31,805701266
Cipla Limited,2018-12-31,805667509
Cipla Limited,2018-09-30,805227852
Cipla Limited,2018-06-30,805191188
Cipla Limited,2018-03-31,805119164
Coal India Limited,2025-09-30,6162728327
Coal India Limited,2025-06-30,6162728327
Coal India Limited,2024-09-30,6162728327
Coal India Limited,2024-12-31,6162728327
Coal India Limited,2025-03-31,6162728327
Coal India Limited,2024-06-30,6162728327
Coal India Limited,2023-09-30,6162728327
Coal India Limited,2023-06-30,6162728327
Coal India Limited,2022-06-30,6162728327
Coal India Limited,2022-12-31,6162728327
Coal India Limited,2024-03-31,6162728327
Coal India Limited,2023-12-31,6162728327
Coal India Limited,2022-03-31,6162728327
Coal India Limited,2022-09-30,6162728327
Coal India Limited,2023-03-31,6162728327
Coal India Limited,2021-12-31,6162728327
Coal India Limited,2021-09-30,6162728327
Coal India Limited,2021-06-30,6162728327
Coal India Limited,2021-03-31,6162728327
Coal India Limited,2020-12-31,6162728327
Coal India Limited,2020-09-30,6162728327
Coal India Limited,2019-03-31,6162728327
Coal India Limited,2018-12-31,6207409177
Coal India Limited,2020-06-30,6162728327
Coal India Limited,2018-09-30,6207409177
Coal India Limited,2020-03-31,6162728327
Coal India Limited,2019-12-31,6162728327
Coal India Limited,2019-09-30,6162728327
Coal India Limited,2019-06-30,6162728327
Coal India Limited,2018-06-30,6207409177
Divi's Laboratories Limited,2025-09-30,265468580
Divi's Laboratories Limited,2025-06-30,265468580
Divi's Laboratories Limited,2025-03-31,265468580
Divi's Laboratories Limited,2024-12-31,265468580
Divi's Laboratories Limited,2024-06-30,265468580
Divi's Laboratories Limited,2024-03-31,265468580
Divi's Laboratories Limited,2022-09-30,265468580
Divi's Laboratories Limited,2024-09-30,265468580
Divi's Laboratories Limited,2022-06-30,265468580
Divi's Laboratories Limited,2023-12-31,265468580
Divi's Laboratories Limited,2022-03-31,265468580
Divi's Laboratories Limited,2023-09-30,265468580
Divi's Laboratories Limited,2023-06-30,265468580
Divi's Laboratories Limited,2022-12-31,265468580
Divi's Laboratories Limited,2023-03-31,265468580
Divi's Laboratories Limited,2021-12-31,265468580
Divi's Laboratories Limited,2021-09-30,265468580
Divi's Laboratories Limited,2021-06-30,265468580
Divi's Laboratories Limited,2021-03-31,265468580
Divi's Laboratories Limited,2020-09-30,265468580
Divi's Laboratories Limited,2020-12-31,265468580
Divi's Laboratories Limited,2020-06-30,265468580
Divi's Laboratories Limited,2019-06-30,265468580
Divi's Laboratories Limited,2019-03-31,265468580
Divi's Laboratories Limited,2020-03-31,265468580
Divi's Laboratories Limited,2018-09-30,265468580
Divi's Laboratories Limited,2019-09-30,265468580
Divi's Laboratories Limited,2019-12-31,265468580
Divi's Laboratories Limited,2018-12-31,265468580
Divi's Laboratories Limited,2018-06-30,265468580
Dr. Reddy's Laboratories Limited,2025-03-31,834455365
Dr. Reddy's Laboratories Limited,2025-09-30,834613760
Dr. Reddy's Laboratories Limited,2025-06-30,834581775
Dr. Reddy's Laboratories Limited,2024-12-31,834423960
Dr. Reddy's Laboratories Limited,2024-09-30,166876946
Dr. Reddy's Laboratories Limited,2024-03-31,166818266
Dr. Reddy's Laboratories Limited,2023-09-30,166784764
Dr. Reddy's Laboratories Limited,2023-12-31,166809397
Dr. Reddy's Laboratories Limited,2023-06-30,166555501
Dr. Reddy's Laboratories Limited,2024-06-30,166829701
Dr. Reddy's Laboratories Limited,2023-03-31,166527876
Dr. Reddy's Laboratories Limited,2022-12-31,166523639
Dr. Reddy's Laboratories Limited,2022-09-30,166466613
Dr. Reddy's Laboratories Limited,2022-06-30,166441018
Dr. Reddy's Laboratories Limited,2021-12-31,166416892
Dr. Reddy's Laboratories Limited,2022-03-31,166425849
Dr. Reddy's Laboratories Limited,2021-09-30,166398811
Dr. Reddy's Laboratories Limited,2021-03-31,166301231
Dr. Reddy's Laboratories Limited,2021-06-30,166360134
Dr. Reddy's Laboratories Limited,2020-12-31,166298116
Dr. Reddy's Laboratories Limited,2020-09-30,166269279
Dr. Reddy's Laboratories Limited,2020-06-30,166232516
Dr. Reddy's Laboratories Limited,2020-03-31,166172082
Dr. Reddy's Laboratories Limited,2019-12-31,166163148
Dr. Reddy's Laboratories Limited,2019-06-30,166113840
Dr. Reddy's Laboratories Limited,2019-09-30,166145748
Dr. Reddy's Laboratories Limited,2019-03-31,166065948
Dr. Reddy's Laboratories Limited,2018-09-30,166045857
Dr. Reddy's Laboratories Limited,2018-12-31,166060861
Dr. Reddy's Laboratories Limited,2018-03-31,165910907
Dr. Reddy's Laboratories Limited,2018-06-30,165973228
Eicher Motors Limited,2025-09-30,274277990
Eicher Motors Limited,2025-06-30,274252240
Eicher Motors Limited,2024-06-30,274010515
Eicher Motors Limited,2024-12-31,274132460
Eicher Motors Limited,2025-03-31,274164080
Eicher Motors Limited,2024-09-30,274060710
Eicher Motors Limited,2024-03-31,273805630
Eicher Motors Limited,2023-09-30,273749460
Eicher Motors Limited,2023-12-31,273775500
Eicher Motors Limited,2023-06-30,273658460
Eicher Motors Limited,2022-12-31,273478020
Eicher Motors Limited,2023-03-31,273481570
Eicher Motors Limited,2022-09-30,273455720
Eicher Motors Limited,2022-06-30,273428852
Eicher Motors Limited,2022-03-31,273423102
Eicher Motors Limited,2021-12-31,273411022
Eicher Motors Limited,2021-09-30,273399672
Eicher Motors Limited,2021-06-30,273388422
Eicher Motors Limited,2021-03-31,273335922
Eicher Motors Limited,2020-12-31,273256830
Eicher Motors Limited,2020-09-30,273229150
Eicher Motors Limited,2019-12-31,27304562
Eicher Motors Limited,2020-03-31,27305473
Eicher Motors Limited,2019-09-30,27289722
Eicher Motors Limited,2018-09-30,27268603
Eicher Motors Limited,2019-03-31,27283473
Eicher Motors Limited,2018-12-31,27275653
Eicher Motors Limited,2019-06-30,27288952
Eicher Motors Limited,2018-03-31,27255549
Eicher Motors Limited,2018-06-30,27266300
GAIL (India) Limited,2025-03-31,6575099643
GAIL (India) Limited,2025-06-30,6575099643
GAIL (India) Limited,2025-09-30,6575099643
GAIL (India) Limited,2024-12-31,6575099643
GAIL (India) Limited,2024-09-30,6575099643
GAIL (India) Limited,2024-03-31,6575099643
GAIL (India) Limited,2024-06-30,6575099643
GAIL (India) Limited,2023-09-30,6575099643
GAIL (India) Limited,2023-12-31,6575099643
GAIL (India) Limited,2023-06-30,6575099643
GAIL (India) Limited,2023-03-31,6575099643
GAIL (India) Limited,2022-09-30,6575099643
GAIL (India) Limited,2022-12-31,6575099643
GAIL (India) Limited,2022-06-30,4383399762
GAIL (India) Limited,2021-12-31,4440385225
GAIL (India) Limited,2022-03-31,4440385225
GAIL (India) Limited,2022-09-07,6575099643
GAIL (India) Limited,2021-09-30,4440385225
GAIL (India) Limited,2021-06-30,4440385225
GAIL (India) Limited,2021-03-31,4440385225
GAIL (India) Limited,2020-12-31,4510141866
GAIL (India) Limited,2020-09-30,4510141866
GAIL (India) Limited,2020-03-31,4535759610
GAIL (India) Limited,2019-09-30,4510141866
GAIL (India) Limited,2019-12-31,4510141866
GAIL (India) Limited,2020-06-30,4539703374
GAIL (India) Limited,2019-06-30,2276002498
GAIL (India) Limited,2019-06-30,4552004996
GAIL (India) Limited,2019-03-31,2274337216
GAIL (India) Limited,2018-12-31,2255070934
GAIL (India) Limited,2018-09-30,2255070933
GAIL (India) Limited,2018-06-30,2255070933
Grasim Industries Limited,2025-06-30,680580576
Grasim Industries Limited,2024-12-31,680580576
Grasim Industries Limited,2025-09-30,680580576
Grasim Industries Limited,2024-06-30,680550136
Grasim Industries Limited,2024-03-31,680550136
Grasim Industries Limited,2025-03-31,680580576
Grasim Industries Limited,2024-09-30,680550136
Grasim Industries Limited,2023-12-31,658448791
Grasim Industries Limited,2024-02-09,680516022
Grasim Industries Limited,2023-09-30,658448791
Grasim Industries Limited,2023-06-30,658432126
Grasim Industries Limited,2023-03-31,658432126
Grasim Industries Limited,2022-12-31,658401686
Grasim Industries Limited,2022-09-30,658379936
Grasim Industries Limited,2022-06-30,658295426
Grasim Industries Limited,2022-03-31,658295426
Grasim Industries Limited,2021-12-31,658286540
Grasim Industries Limited,2021-09-30,658161372
Grasim Industries Limited,2021-06-30,658077851
Grasim Industries Limited,2021-03-31,658044844
Grasim Industries Limited,2020-12-31,657951004
Grasim Industries Limited,2020-09-30,657928218
Grasim Industries Limited,2020-06-30,657806468
Grasim Industries Limited,2019-12-31,657798938
Grasim Industries Limited,2020-03-31,657798938
Grasim Industries Limited,2019-09-30,657672734
Grasim Industries Limited,2019-03-31,657598363
Grasim Industries Limited,2019-06-30,657609040
Grasim Industries Limited,2018-12-31,657591288
Grasim Industries Limited,2018-09-30,657591288
Grasim Industries Limited,2018-06-30,657578253
Grasim Industries Limited,2018-03-31,657371435
HCL Technologies Limited,2025-09-30,2713665096
HCL Technologies Limited,2025-06-30,2713665096
HCL Technologies Limited,2024-12-31,2713665096
HCL Technologies Limited,2024-09-30,2713665096
HCL Technologies Limited,2025-03-31,2713665096
HCL Technologies Limited,2024-03-31,2713665096
HCL Technologies Limited,2024-06-30,2713665096
HCL Technologies Limited,2023-09-30,2713665096
HCL Technologies Limited,2022-06-30,2713665096
HCL Technologies Limited,2022-03-31,2713665096
HCL Technologies Limited,2023-06-30,2713665096
HCL Technologies Limited,2023-12-31,2713665096
HCL Technologies Limited,2022-09-30,2713665096
HCL Technologies Limited,2023-03-31,2713665096
HCL Technologies Limited,2022-12-31,2713665096
HCL Technologies Limited,2021-12-31,2713665096
HCL Technologies Limited,2021-06-30,2713665096
HCL Technologies Limited,2021-09-30,2713665096
HCL Technologies Limited,2021-03-31,2713665096
HCL Technologies Limited,2020-03-31,2713665096
HCL Technologies Limited,2019-12-10,2713665096
HCL Technologies Limited,2020-12-31,2713665096
HCL Technologies Limited,2020-09-30,2713665096
HCL Technologies Limited,2020-06-30,2713665096
HCL Technologies Limited,2019-12-31,2713665096
HCL Technologies Limited,2019-09-30,1356401188
HCL Technologies Limited,2019-03-31,1356278868
HCL Technologies Limited,2019-06-30,1356278868
HCL Technologies Limited,2018-09-30,1392521664
HCL Technologies Limited,2018-12-31,1356261268
HCL Technologies Limited,2018-06-30,1392406704
HCL Technologies Limited,2018-03-31,1392246384
HDFC Bank Limited,2025-06-30,7667913646
HDFC Bank Limited,2025-08-28,15354079522
HDFC Bank Limited,2025-09-30,15363698554
HDFC Bank Limited,2024-12-31,7648315544
HDFC Bank Limited,2024-09-30,7630778309
HDFC Bank Limited,2024-06-30,7608122302
HDFC Bank Limited,2025-03-31,7652221674
HDFC Bank Limited,2024-03-31,7596910662
HDFC Bank Limited,2023-09-30,7581816038
HDFC Bank Limited,2023-12-31,7592484734
HDFC Bank Limited,2023-07-14,7537569464
HDFC Bank Limited,2023-03-31,5579742786
HDFC Bank Limited,2023-06-30,5591798806
HDFC Bank Limited,2022-12-31,5576755396
HDFC Bank Limited,2022-06-30,5554552746
HDFC Bank Limited,2022-09-30,5569959026
HDFC Bank Limited,2022-03-31,5545540976
HDFC Bank Limited,2021-12-31,5542399476
HDFC Bank Limited,2021-09-30,5537451890
HDFC Bank Limited,2021-06-30,5526719098
HDFC Bank Limited,2021-03-31,5512776482
HDFC Bank Limited,2020-06-30,5490278560
HDFC Bank Limited,2020-09-30,5503704156
HDFC Bank Limited,2020-03-31,5483286460
HDFC Bank Limited,2020-12-31,5507656932
HDFC Bank Limited,2019-12-31,5477027068
HDFC Bank Limited,2019-09-30,5470763894
HDFC Bank Limited,2018-12-31,2719501383
HDFC Bank Limited,2019-06-30,2732812271
HDFC Bank Limited,2019-03-31,2723306610
HDFC Bank Limited,2018-06-30,2604157867
HDFC Bank Limited,2018-09-30,2717176187
HDFC Life Insurance Company Limited,2025-09-30,2156086337
HDFC Life Insurance Company Limited,2025-06-30,2154693826
HDFC Life Insurance Company Limited,2024-12-31,2152802811
HDFC Life Insurance Company Limited,2025-03-31,2152988187
HDFC Life Insurance Company Limited,2024-03-31,2150944127
HDFC Life Insurance Company Limited,2024-09-30,2152221207
HDFC Life Insurance Company Limited,2024-06-30,2150979347
HDFC Life Insurance Company Limited,2023-06-30,2149679456
HDFC Life Insurance Company Limited,2023-09-30,2150064332
HDFC Life Insurance Company Limited,2023-12-31,2150659616
HDFC Life Insurance Company Limited,2022-06-30,2113172584
HDFC Life Insurance Company Limited,2022-09-30,2149104560
HDFC Life Insurance Company Limited,2022-12-31,2149175005
HDFC Life Insurance Company Limited,2023-03-31,2149396132
HDFC Life Insurance Company Limited,2022-03-31,2112619161
HDFC Life Insurance Company Limited,2022-01-01,2111813255
HDFC Life Insurance Company Limited,2021-12-31,2024791033
HDFC Life Insurance Company Limited,2021-06-30,2022140296
HDFC Life Insurance Company Limited,2021-09-30,2023132113
HDFC Life Insurance Company Limited,2020-09-30,2019460732
HDFC Life Insurance Company Limited,2021-03-31,2020943966
HDFC Life Insurance Company Limited,2020-12-31,2020456081
HDFC Life Insurance Company Limited,2019-12-31,2018606832
HDFC Life Insurance Company Limited,2020-06-30,2019173024
HDFC Life Insurance Company Limited,2020-03-31,2018798399
HDFC Life Insurance Company Limited,2019-06-30,2017489149
HDFC Life Insurance Company Limited,2019-09-30,2017672019
HDFC Life Insurance Company Limited,2018-12-31,2017256697
HDFC Life Insurance Company Limited,2019-03-31,2017381157
HDFC Standard Life Insurance Company Limited,2018-09-30,2013907962
HDFC Standard Life Insurance Company Limited,2018-06-30,2012517697
HDFC Standard Life Insurance Company Limited,2018-03-31,2011740043
Hindalco Industries Limited,2025-09-30,2247226523
Hindalco Industries Limited,2025-06-30,2247226523
Hindalco Industries Limited,2024-06-30,2247216523
Hindalco Industries Limited,2024-12-31,2247226523
Hindalco Industries Limited,2024-09-30,2247216523
Hindalco Industries Limited,2025-03-31,2247226523
Hindalco Industries Limited,2023-12-31,2247216523
Hindalco Industries Limited,2024-03-31,2247216523
Hindalco Industries Limited,2023-09-30,2247216523
Hindalco Industries Limited,2023-06-30,2247194585
Hindalco Industries Limited,2023-03-31,2247194585
Hindalco Industries Limited,2022-12-31,2247194585
Hindalco Industries Limited,2022-06-30,2247172724
Hindalco Industries Limited,2022-03-31,2247172724
Hindalco Industries Limited,2022-09-30,2247175109
Hindalco Industries Limited,2021-12-31,2247169840
Hindalco Industries Limited,2021-09-30,2247114735
Hindalco Industries Limited,2021-06-30,2246900609
Hindalco Industries Limited,2021-03-31,2246684247
Hindalco Industries Limited,2020-12-31,2246582938
Hindalco Industries Limited,2020-09-30,2246352581
Hindalco Industries Limited,2020-06-30,2246284546
Hindalco Industries Limited,2019-12-31,2246040614
Hindalco Industries Limited,2020-03-31,2246222687
Hindalco Industries Limited,2019-06-30,2245845916
Hindalco Industries Limited,2019-09-30,2245924242
Hindalco Industries Limited,2019-03-31,2245530245
Hindalco Industries Limited,2018-09-30,2245349407
Hindalco Industries Limited,2018-12-31,2245512385
Hindalco Industries Limited,2018-06-30,2245051892
Hindalco Industries Limited,2018-03-31,2244962902
Hindustan Petroleum Corporation Limited,2025-09-30,2127822517
Hindustan Petroleum Corporation Limited,2025-06-30,2127822517
Hindustan Petroleum Corporation Limited,2024-12-31,2127822517
Hindustan Petroleum Corporation Limited,2025-03-31,2127822517
Hindustan Petroleum Corporation Limited,2024-06-30,1418548345
Hindustan Petroleum Corporation Limited,2024-03-31,1418548345
Hindustan Petroleum Corporation Limited,2024-06-25,2127822517
Hindustan Petroleum Corporation Limited,2023-12-31,1418548345
Hindustan Petroleum Corporation Limited,2024-09-30,2127822517
Hindustan Petroleum Corporation Limited,2023-03-31,1418548345
Hindustan Petroleum Corporation Limited,2023-09-30,1418548345
Hindustan Petroleum Corporation Limited,2022-12-31,1418548345
Hindustan Petroleum Corporation Limited,2023-06-30,1418548345
Hindustan Petroleum Corporation Limited,2022-06-30,1418548345
Hindustan Petroleum Corporation Limited,2022-09-30,1418548345
Hindustan Petroleum Corporation Limited,2021-09-30,1418548345
Hindustan Petroleum Corporation Limited,2021-12-31,1418548345
Hindustan Petroleum Corporation Limited,2021-05-14,1418548345
Hindustan Petroleum Corporation Limited,2021-03-31,1455845587
Hindustan Petroleum Corporation Limited,2021-06-30,1418548345
Hindustan Petroleum Corporation Limited,2020-03-31,1523822625
Hindustan Petroleum Corporation Limited,2020-09-30,1523822625
Hindustan Petroleum Corporation Limited,2020-12-31,1510388506
Hindustan Petroleum Corporation Limited,2019-09-30,1523822625
Hindustan Petroleum Corporation Limited,2020-06-30,1523822625
Hindustan Petroleum Corporation Limited,2019-12-31,1523822625
Hindustan Petroleum Corporation Limited,2019-03-31,1523822625
Hindustan Petroleum Corporation Limited,2018-12-31,1523822625
Hindustan Petroleum Corporation Limited,2019-06-30,1523822625
Hindustan Petroleum Corporation Limited,2018-06-30,1523822625
Hindustan Petroleum Corporation Limited,2018-09-30,1523822625
Hindustan Petroleum Corporation Limited,2018-03-31,1523822625
Hindustan Unilever Limited,2025-09-30,2349591262
Hindustan Unilever Limited,2025-03-31,2349591262
Hindustan Unilever Limited,2024-12-31,2349591262
Hindustan Unilever Limited,2024-06-30,2349591262
Hindustan Unilever Limited,2025-06-30,2349591262
Hindustan Unilever Limited,2023-09-30,2349591262
Hindustan Unilever Limited,2024-09-30,2349591262
Hindustan Unilever Limited,2024-03-31,2349591262
Hindustan Unilever Limited,2023-12-31,2349591262
Hindustan Unilever Limited,2023-06-30,2349591262
Hindustan Unilever Limited,2023-03-31,2349591262
Hindustan Unilever Limited,2022-12-31,2349591262
Hindustan Unilever Limited,2022-06-30,2349591262
Hindustan Unilever Limited,2022-09-30,2349591262
Hindustan Unilever Limited,2022-03-31,2349591262
Hindustan Unilever Limited,2021-12-31,2349591262
Hindustan Unilever Limited,2021-09-30,2349591262
Hindustan Unilever Limited,2021-06-30,2349588838
Hindustan Unilever Limited,2021-03-31,2349567819
Hindustan Unilever Limited,2020-12-31,2349556255
Hindustan Unilever Limited,2020-06-30,2349550042
Hindustan Unilever Limited,2020-09-30,2349556255
Hindustan Unilever Limited,2020-03-31,2164844187
Hindustan Unilever Limited,2020-04-21,2349467999
Hindustan Unilever Limited,2019-09-30,2164812057
Hindustan Unilever Limited,2019-12-31,2164812057
Hindustan Unilever Limited,2019-03-31,2164704405
Hindustan Unilever Limited,2019-06-30,2164801037
Hindustan Unilever Limited,2018-12-31,2164648943
Hindustan Unilever Limited,2018-06-30,2164633806
Hindustan Unilever Limited,2018-09-30,2164648943
Hindustan Unilever Limited,2018-03-31,2164528777
ICICI Bank Limited,2025-09-30,7143705861
ICICI Bank Limited,2025-06-30,7135539512
ICICI Bank Limited,2025-03-31,7121927830
ICICI Bank Limited,2024-12-31,7059490315
ICICI Bank Limited,2024-06-30,7036188396
ICICI Bank Limited,2024-09-30,7046201442
ICICI Bank Limited,2024-03-31,7022335643
ICICI Bank Limited,2023-06-30,6996650422
ICICI Bank Limited,2022-12-31,6977024286
ICICI Bank Limited,2023-09-30,7003087787
ICICI Bank Limited,2023-12-31,7014826337
ICICI Bank Limited,2023-03-31,6982815731
ICICI Bank Limited,2022-06-30,6956354896
ICICI Bank Limited,2022-09-30,6967876747
ICICI Bank Limited,2022-03-31,6948771375
ICICI Bank Limited,2021-09-30,6934409997
ICICI Bank Limited,2021-06-30,6925037357
ICICI Bank Limited,2021-12-31,6943351843
ICICI Bank Limited,2021-03-31,6915992387
ICICI Bank Limited,2020-12-31,6903693527
ICICI Bank Limited,2020-08-15,6895410621
ICICI Bank Limited,2020-09-30,6896223149
ICICI Bank Limited,2020-06-30,6475980400
ICICI Bank Limited,2020-03-31,6472765203
ICICI Bank Limited,2019-12-31,6469353972
ICICI Bank Limited,2019-09-30,6459674956
ICICI Bank Limited,2019-06-30,6452596296
ICICI Bank Limited,2018-12-31,6440817054
ICICI Bank Limited,2019-03-31,6446239653
ICICI Bank Limited,2018-06-30,6431732828
ICICI Bank Limited,2018-03-31,6427990776
ICICI Bank Limited,2018-09-30,6435132059
IndusInd Bank Limited,2025-06-30,779055872
IndusInd Bank Limited,2025-03-31,779054472
IndusInd Bank Limited,2025-09-30,779075972
IndusInd Bank Limited,2024-12-31,779051673
IndusInd Bank Limited,2024-09-30,778993088
IndusInd Bank Limited,2024-06-30,778725005
IndusInd Bank Limited,2024-03-31,778319951
IndusInd Bank Limited,2023-12-31,777732182
IndusInd Bank Limited,2023-09-30,777054697
IndusInd Bank Limited,2022-12-31,775415044
IndusInd Bank Limited,2023-06-30,839504367
IndusInd Bank Limited,2023-03-31,775895198
IndusInd Bank Limited,2022-06-30,775102639
IndusInd Bank Limited,2022-09-30,775243464
IndusInd Bank Limited,2021-12-31,774548603
IndusInd Bank Limited,2021-09-30,774119194
IndusInd Bank Limited,2021-06-30,773876784
IndusInd Bank Limited,2020-12-31,757104998
IndusInd Bank Limited,2021-03-31,773372299
IndusInd Bank Limited,2021-02-18,773155187
IndusInd Bank Limited,2020-09-04,756313283
IndusInd Bank Limited,2020-08-28,741195806
IndusInd Bank Limited,2020-09-30,756451823
IndusInd Bank Limited,2019-09-30,692982757
IndusInd Bank Limited,2019-12-31,693070224
IndusInd Bank Limited,2020-06-30,693566038
IndusInd Bank Limited,2020-03-31,693535738
IndusInd Bank Limited,2019-07-06,692756723
IndusInd Bank Limited,2019-06-30,603138942
IndusInd Bank Limited,2019-03-31,602686868
IndusInd Bank Limited,2018-09-30,601296202
IndusInd Bank Limited,2018-12-31,602082563
IndusInd Bank Limited,2018-06-30,600437982
IndusInd Bank Limited,2018-03-31,600223187
Infosys Limited,2025-06-30,4154272628
Infosys Limited,2025-09-30,4154401349
Infosys Limited,2024-12-31,4152269194
Infosys Limited,2025-03-31,4153263455
Infosys Limited,2024-09-30,4152146817
Infosys Limited,2023-12-31,4150447554
Infosys Limited,2023-09-30,4150384120
Infosys Limited,2024-03-31,4150867464
Infosys Limited,2024-06-30,4152028475
Infosys Limited,2023-06-30,4150192365
Infosys Limited,2022-12-31,4186086843
Infosys Limited,2023-03-31,4148560044
Infosys Limited,2022-06-30,4207620719
Infosys Limited,2021-09-30,4205464426
Infosys Limited,2021-06-30,4259085763
Infosys Limited,2020-12-31,4259587833
Infosys Limited,2021-03-31,4260660846
Infosys Limited,2020-06-30,4259154628
Infosys Limited,2020-09-30,4259411598
Infosys Limited,2020-03-31,4258992566
Infosys Limited,2019-12-31,4258548000
Infosys Limited,2021-12-31,4205617958
Infosys Limited,2022-09-30,4207827539
Infosys Limited,2019-09-30,4258412178
Infosys Limited,2019-09-04,4258412178
Infosys Limited,2022-03-31,4206738641
Infosys Limited,2019-03-31,4361733444
Infosys Limited,2019-06-30,4295042444
Infosys Limited,2018-12-31,4368647898
Infosys Limited,2018-09-06,4368382980
Infosys Limited,2018-09-30,4368382980
Infosys Limited,2018-06-30,2184127091
Infosys Limited,2018-03-31,2184114257
Indian Oil Corporation Limited,2025-06-30,14121238383
Indian Oil Corporation Limited,2024-12-31,14121238383
Indian Oil Corporation Limited,2025-09-30,14121238383
Indian Oil Corporation Limited,2025-03-31,14121238383
Indian Oil Corporation Limited,2024-03-31,14121238383
Indian Oil Corporation Limited,2023-12-31,14121238383
Indian Oil Corporation Limited,2024-06-30,14121238383
Indian Oil Corporation Limited,2024-09-30,14121238383
Indian Oil Corporation Limited,2023-09-30,14121238383
Indian Oil Corporation Limited,2022-12-31,14121238383
Indian Oil Corporation Limited,2023-06-30,14121238383
Indian Oil Corporation Limited,2023-03-31,14121238383
Indian Oil Corporation Limited,2022-06-30,9414158922
Indian Oil Corporation Limited,2022-03-31,9414158922
Indian Oil Corporation Limited,2022-07-12,14121238383
Indian Oil Corporation Limited,2022-09-30,14121238383
Indian Oil Corporation Limited,2021-06-30,9414158922
Indian Oil Corporation Limited,2021-12-31,9414158922
Indian Oil Corporation Limited,2021-09-30,9414158922
Indian Oil Corporation Limited,2021-03-31,9414158922
Indian Oil Corporation Limited,2020-12-31,9414158922
Indian Oil Corporation Limited,2020-06-30,9414158922
Indian Oil Corporation Limited,2020-03-31,9414158922
Indian Oil Corporation Limited,2020-09-30,9414158922
Indian Oil Corporation Limited,2019-06-30,9414158922
Indian Oil Corporation Limited,2019-09-30,9414158922
Indian Oil Corporation Limited,2019-12-31,9414158922
Indian Oil Corporation Limited,2018-12-31,9711809928
Indian Oil Corporation Limited,2019-03-31,9414158922
Indian Oil Corporation Limited,2019-02-14,9414158922
Indian Oil Corporation Limited,2018-06-30,9711809928
Indian Oil Corporation Limited,2018-09-30,9711809928
ITC Limited,2025-06-30,12517542141
ITC Limited,2025-03-31,12514119781
ITC Limited,2025-09-30,12527130431
ITC Limited,2024-06-30,12484721471
ITC Limited,2024-03-31,12484721471
ITC Limited,2024-12-31,12511710391
ITC Limited,2024-09-30,12507598701
ITC Limited,2023-06-30,12439467511
ITC Limited,2023-12-31,12475608671
ITC Limited,2023-09-30,12470914521
ITC Limited,2023-03-31,12428017741
ITC Limited,2022-12-31,12412309001
ITC Limited,2022-09-30,12399178701
Jio Financial Services Limited,2025-09-30,6353141623
Jio Financial Services Limited,2025-06-30,6353141623
Jio Financial Services Limited,2025-03-31,6353141623
Jio Financial Services Limited,2024-09-30,6353284188
JSW Steel Limited,2025-09-30,2445453966
Jio Financial Services Limited,2024-12-31,6353141623
JSW Steel Limited,2025-06-30,2445453966
Jio Financial Services Limited,2024-06-30,6353284188
Jio Financial Services Limited,2023-08-10,6353284188
Jio Financial Services Limited,2023-12-31,6353284188
Jio Financial Services Limited,2023-09-30,6353284188
JSW Steel Limited,2025-03-31,2445453966
Jio Financial Services Limited,2024-03-31,6353284188
JSW Steel Limited,2024-12-31,2445453966
JSW Steel Limited,2024-09-30,2445453966
JSW Steel Limited,2024-03-31,2445453966
JSW Steel Limited,2024-06-30,2445453966
JSW Steel Limited,2023-12-31,2445453966
JSW Steel Limited,2023-09-30,2445453966
JSW Steel Limited,2022-12-31,2417220440
JSW Steel Limited,2022-06-30,2417220440
JSW Steel Limited,2023-06-30,2417220440
JSW Steel Limited,2023-03-31,2417220440
JSW Steel Limited,2022-09-30,2417220440
JSW Steel Limited,2022-03-31,2417220440
JSW Steel Limited,2021-12-31,2417220440
JSW Steel Limited,2021-09-30,2417220440
JSW Steel Limited,2021-06-30,2417220440
JSW Steel Limited,2021-03-31,2417220440
JSW Steel Limited,2020-09-30,2417220440
JSW Steel Limited,2020-12-31,2417220440
JSW Steel Limited,2020-03-31,2417220440
JSW Steel Limited,2020-06-30,2417220440
JSW Steel Limited,2019-12-31,2417220440
JSW Steel Limited,2019-09-30,2417220440
JSW Steel Limited,2019-03-31,2417220440
JSW Steel Limited,2019-06-30,2417220440
JSW Steel Limited,2018-12-31,2417220440
JSW Steel Limited,2018-09-30,2417220440
JSW Steel Limited,2018-06-30,2417220440
Kotak Mahindra Bank Limited,2025-09-30,1988592513
Kotak Mahindra Bank Limited,2024-12-31,1988173671
Kotak Mahindra Bank Limited,2025-06-30,1988320316
Kotak Mahindra Bank Limited,2024-09-30,1988120012
Kotak Mahindra Bank Limited,2024-06-30,1987951298
Kotak Mahindra Bank Limited,2025-03-31,1988222993
Kotak Mahindra Bank Limited,2024-03-31,1987920898
Kotak Mahindra Bank Limited,2023-12-31,1987652298
Kotak Mahindra Bank Limited,2023-06-30,1987212073
Kotak Mahindra Bank Limited,2023-09-30,1987495423
Kotak Mahindra Bank Limited,2023-03-31,1986556582
Kotak Mahindra Bank Limited,2022-09-30,1985738328
Kotak Mahindra Bank Limited,2022-12-31,1986085599
Kotak Mahindra Bank Limited,2022-03-31,1984661760
Kotak Mahindra Bank Limited,2021-12-31,1983899969
Kotak Mahindra Bank Limited,2022-06-30,1985434304
Kotak Mahindra Bank Limited,2021-09-30,1983087703
Kotak Mahindra Bank Limited,2021-06-30,1982675781
Kotak Mahindra Bank Limited,2020-12-31,1980478721
Kotak Mahindra Bank Limited,2021-03-31,1981835668
Kotak Mahindra Bank Limited,2020-09-30,1979207809
Kotak Mahindra Bank Limited,2020-03-31,1913038338
Kotak Mahindra Bank Limited,2020-05-30,1978804377
Kotak Mahindra Bank Limited,2020-06-30,1978804377
Kotak Mahindra Bank Limited,2019-09-30,1910028300
Kotak Mahindra Bank Limited,2019-12-31,1911034957
Kotak Mahindra Bank Limited,2019-06-30,1909336730
Kotak Mahindra Bank Limited,2019-03-31,1908754827
Kotak Mahindra Bank Limited,2018-06-30,1906131883
Kotak Mahindra Bank Limited,2018-09-30,1907004130
Kotak Mahindra Bank Limited,2018-12-31,1907544110
Larsen & Toubro Limited,2025-03-31,1375192165
Larsen & Toubro Limited,2025-06-30,1375359426
Larsen & Toubro Limited,2025-09-30,1375556003
Larsen & Toubro Limited,2024-12-31,1375130635
Larsen & Toubro Limited,2024-09-30,1374994900
Larsen & Toubro Limited,2024-03-31,1374668619
Larsen & Toubro Limited,2024-06-30,1374848104
Larsen & Toubro Limited,2023-12-31,1374548315
Larsen & Toubro Limited,2023-09-30,1374398717
Larsen & Toubro Limited,2023-10-07,1374398717
Larsen & Toubro Limited,2023-06-30,1405572753
Larsen & Toubro Limited,2023-03-31,1405482190
Larsen & Toubro Limited,2022-12-31,1405364127
Larsen & Toubro Limited,2022-06-30,1405145221
Larsen & Toubro Limited,2022-03-31,1405029123
Larsen & Toubro Limited,2022-09-30,1405191199
Larsen & Toubro Limited,2021-12-31,1404839267
Larsen & Toubro Limited,2021-09-30,1404656010
Larsen & Toubro Limited,2021-06-30,1404604911
Larsen & Toubro Limited,2021-03-31,1404555297
Larsen & Toubro Limited,2020-12-31,1404256696
Larsen & Toubro Limited,2020-06-30,1403992234
Larsen & Toubro Limited,2020-09-30,1404034846
Larsen & Toubro Limited,2020-03-31,1403892022
Larsen & Toubro Limited,2019-09-30,1403265582
Larsen & Toubro Limited,2019-12-31,1403581376
Larsen & Toubro Limited,2019-06-30,1403091278
Larsen & Toubro Limited,2018-12-31,1402220289
Larsen & Toubro Limited,2019-03-31,1402729385
Larsen & Toubro Limited,2018-06-30,1401727601
Larsen & Toubro Limited,2018-03-31,1401369456
Lupin Limited,2025-09-30,456757868
Lupin Limited,2025-06-30,456716123
Lupin Limited,2024-03-31,455678908
Lupin Limited,2023-12-31,455326550
Lupin Limited,2023-09-30,455221984
Lupin Limited,2025-03-31,456565045
Lupin Limited,2024-06-30,455915953
Lupin Limited,2024-09-30,456143312
Lupin Limited,2024-12-31,456234542
Lupin Limited,2023-06-30,455080018
Lupin Limited,2023-03-31,454981335
Lupin Limited,2022-12-31,454760600
Lupin Limited,2022-09-30,454674567
Lupin Limited,2022-06-30,454623411
Lupin Limited,2022-03-31,454475014
Lupin Limited,2021-12-31,454196866
Lupin Limited,2020-09-30,453240333
Lupin Limited,2021-06-30,453902798
Lupin Limited,2021-03-31,453680133
Lupin Limited,2019-12-31,452906754
Lupin Limited,2019-09-30,452647548
Lupin Limited,2020-12-31,453513540
Lupin Limited,2020-06-30,453091022
Lupin Limited,2020-03-31,452998121
Lupin Limited,2019-06-30,452590752
Lupin Limited,2019-03-31,452493697
Lupin Limited,2018-12-31,452405376
Lupin Limited,2018-09-30,452193625
Lupin Limited,2018-06-30,452140064
Mahindra & Mahindra Limited,2025-09-30,1243528831
Mahindra & Mahindra Limited,2025-06-30,1243528831
Mahindra & Mahindra Limited,2025-03-31,1243528831
Mahindra & Mahindra Limited,2024-12-31,1243528831
Mahindra & Mahindra Limited,2024-09-30,1243528831
Mahindra & Mahindra Limited,2023-06-30,1243528831
Mahindra & Mahindra Limited,2023-09-30,1243528831
Mahindra & Mahindra Limited,2024-03-31,1243528831
Mahindra & Mahindra Limited,2024-06-30,1243528831
Mahindra & Mahindra Limited,2023-12-31,1243528831
Mahindra & Mahindra Limited,2023-03-31,1243528831
Mahindra & Mahindra Limited,2022-12-31,1243192544
Mahindra & Mahindra Limited,2022-06-30,1243192544
Mahindra & Mahindra Limited,2022-09-30,1243192544
Mahindra & Mahindra Limited,2022-03-31,1243192544
Mahindra & Mahindra Limited,2021-12-31,1243192544
Mahindra & Mahindra Limited,2021-09-30,1243192544
Mahindra & Mahindra Limited,2021-06-30,1243192544
Mahindra & Mahindra Limited,2021-03-31,1243192544
Mahindra & Mahindra Limited,2020-12-31,1243192544
Mahindra & Mahindra Limited,2020-09-30,1243192544
Mahindra & Mahindra Limited,2020-03-31,1243192544
Mahindra & Mahindra Limited,2019-09-30,1243192544
Mahindra & Mahindra Limited,2019-12-31,1243192544
Mahindra & Mahindra Limited,2019-06-30,1243192544
Mahindra & Mahindra Limited,2018-12-31,1243192544
Mahindra & Mahindra Limited,2019-03-31,1243192544
Mahindra & Mahindra Limited,2018-09-30,1243192544
Mahindra & Mahindra Limited,2018-06-30,1243192544
Mahindra & Mahindra Limited,2018-03-31,1243192544
Maruti Suzuki India Limited,2025-03-31,314402574
Maruti Suzuki India Limited,2024-09-30,314402574
Maruti Suzuki India Limited,2024-06-30,314402574
Maruti Suzuki India Limited,2024-12-31,314402574
Maruti Suzuki India Limited,2025-09-30,314402574
Maruti Suzuki India Limited,2024-03-31,314402574
Maruti Suzuki India Limited,2025-06-30,314402574
Maruti Suzuki India Limited,2023-12-31,314402574
Maruti Suzuki India Limited,2023-06-30,302080060
Maruti Suzuki India Limited,2023-11-24,314402574
Maruti Suzuki India Limited,2023-09-30,302080060
Maruti Suzuki India Limited,2023-03-31,302080060
Maruti Suzuki India Limited,2022-12-31,302080060
Maruti Suzuki India Limited,2022-09-30,302080060
Maruti Suzuki India Limited,2022-03-31,302080060
Maruti Suzuki India Limited,2022-06-30,302080060
Maruti Suzuki India Limited,2021-12-31,302080060
Maruti Suzuki India Limited,2021-03-31,302080060
Maruti Suzuki India Limited,2020-09-30,302080060
Maruti Suzuki India Limited,2020-06-30,302080060
Maruti Suzuki India Limited,2021-09-30,302080060
Maruti Suzuki India Limited,2021-06-30,302080060
Maruti Suzuki India Limited,2020-12-31,302080060
Maruti Suzuki India Limited,2019-12-31,302080060
Maruti Suzuki India Limited,2020-03-31,302080060
Maruti Suzuki India Limited,2019-09-30,302080060
Maruti Suzuki India Limited,2019-03-31,302080060
Maruti Suzuki India Limited,2019-06-30,302080060
Maruti Suzuki India Limited,2018-09-30,302080060
Maruti Suzuki India Limited,2018-12-31,302080060
Maruti Suzuki India Limited,2018-06-30,302080060
Maruti Suzuki India Limited,2018-03-31,302080060
Nestle India Limited,2024-12-31,964157160
Nestle India Limited,2025-08-14,1928314320
Nestle India Limited,2025-09-30,1928314320
Nestle India Limited,2025-06-30,964157160
Nestle India Limited,2024-06-30,964157160
Nestle India Limited,2023-12-31,96415716
Nestle India Limited,2024-03-31,964157160
Nestle India Limited,2025-03-31,964157160
Nestle India Limited,2024-09-30,964157160
Nestle India Limited,2023-09-30,96415716
Nestle India Limited,2023-06-30,96415716
Nestle India Limited,2018-06-30,96415716
Nestle India Limited,2018-12-31,96415716
Nestle India Limited,2018-09-30,96415716
Nestle India Limited,2018-03-31,96415716
NTPC Limited,2025-06-30,9696666134
NTPC Limited,2025-09-30,9696666134
NTPC Limited,2025-03-31,9696666134
NTPC Limited,2024-12-31,9696666134
NTPC Limited,2024-09-30,9696666134
NTPC Limited,2024-06-30,9696666134
NTPC Limited,2024-03-31,9696666134
NTPC Limited,2023-09-30,9696666134
NTPC Limited,2022-12-31,9696666134
NTPC Limited,2022-09-30,9696666134
NTPC Limited,2022-06-30,9696666134
NTPC Limited,2023-06-30,9696666134
NTPC Limited,2023-12-31,9696666134
NTPC Limited,2023-03-31,9696666134
NTPC Limited,2022-03-31,9696666134
NTPC Limited,2021-06-30,9696666134
NTPC Limited,2021-12-31,9696666134
NTPC Limited,2021-03-31,9696666134
NTPC Limited,2020-12-31,9696666134
NTPC Limited,2020-09-30,9894557280
NTPC Limited,2021-09-30,9696666134
NTPC Limited,2019-09-30,9894557280
NTPC Limited,2019-12-31,9894557280
NTPC Limited,2020-06-30,9894557280
NTPC Limited,2020-03-31,9894557280
NTPC Limited,2019-06-30,9894557280
NTPC Limited,2019-03-31,9894557280
NTPC Limited,2019-03-23,9894557280
NTPC Limited,2018-12-31,8245464400
NTPC Limited,2018-09-30,8245464400
NTPC Limited,2018-06-30,8245464400
NTPC Limited,2018-03-31,8245464400
Oil & Natural Gas Corporation Limited,2025-06-30,12580279206
Oil & Natural Gas Corporation Limited,2025-09-30,12580279206
Oil & Natural Gas Corporation Limited,2024-03-31,12580279206
Oil & Natural Gas Corporation Limited,2023-09-30,12580279206
Oil & Natural Gas Corporation Limited,2023-12-31,12580279206
Oil & Natural Gas Corporation Limited,2024-12-31,12580279206
Oil & Natural Gas Corporation Limited,2025-03-31,12580279206
Oil & Natural Gas Corporation Limited,2024-09-30,12580279206
Oil & Natural Gas Corporation Limited,2024-06-30,12580279206
Oil & Natural Gas Corporation Limited,2023-06-30,12580279206
Oil & Natural Gas Corporation Limited,2022-12-31,12580279206
Oil & Natural Gas Corporation Limited,2023-03-31,12580279206
Oil & Natural Gas Corporation Limited,2022-09-30,12580279206
Oil & Natural Gas Corporation Limited,2022-06-30,12580279206
Oil & Natural Gas Corporation Limited,2020-06-30,12580279206
Oil & Natural Gas Corporation Limited,2021-12-31,12580279206
Oil & Natural Gas Corporation Limited,2021-09-30,12580279206
Oil & Natural Gas Corporation Limited,2021-06-30,12580279206
Oil & Natural Gas Corporation Limited,2019-09-30,12580279206
Oil & Natural Gas Corporation Limited,2020-12-31,12580279206
Oil & Natural Gas Corporation Limited,2020-03-31,12580279206
Oil & Natural Gas Corporation Limited,2020-09-30,12580279206
Oil & Natural Gas Corporation Limited,2021-03-31,12580279206
Oil & Natural Gas Corporation Limited,2019-12-31,12580279206
Oil & Natural Gas Corporation Limited,2019-06-30,12580279206
Oil & Natural Gas Corporation Limited,2019-03-31,12580279206
Oil & Natural Gas Corporation Limited,2018-06-30,12833235180
Oil & Natural Gas Corporation Limited,2018-12-31,12833235180
Oil & Natural Gas Corporation Limited,2018-09-30,12833235180
Oil & Natural Gas Corporation Limited,2018-03-31,12833235180
Power Grid Corporation of India Limited,2025-06-30,9300603819
Power Grid Corporation of India Limited,2025-09-30,9300603819
Power Grid Corporation of India Limited,2024-06-30,9300603819
Power Grid Corporation of India Limited,2024-12-31,9300603819
Power Grid Corporation of India Limited,2024-03-31,9300603819
Power Grid Corporation of India Limited,2024-09-30,9300603819
Power Grid Corporation of India Limited,2023-12-31,9300603819
Power Grid Corporation of India Limited,2025-03-31,9300603819
Power Grid Corporation of India Limited,2023-06-30,6975452864
Power Grid Corporation of India Limited,2023-09-30,9300603819
Power Grid Corporation of India Limited,2023-03-31,6975452864
Power Grid Corporation of India Limited,2022-12-31,6975452864
Power Grid Corporation of India Limited,2022-09-30,6975452864
Power Grid Corporation of India Limited,2022-03-31,6975452864
Power Grid Corporation of India Limited,2021-09-30,6975452864
Power Grid Corporation of India Limited,2022-06-30,6975452864
Power Grid Corporation of India Limited,2021-12-31,6975452864
Power Grid Corporation of India Limited,2021-08-03,6975452864
Power Grid Corporation of India Limited,2021-06-30,5231589648
Power Grid Corporation of India Limited,2020-09-30,5231589648
Power Grid Corporation of India Limited,2021-03-31,5231589648
Power Grid Corporation of India Limited,2020-12-31,5231589648
Power Grid Corporation of India Limited,2020-06-30,5231589648
Power Grid Corporation of India Limited,2019-12-31,5231589648
Power Grid Corporation of India Limited,2020-03-31,5231589648
Power Grid Corporation of India Limited,2018-12-31,5231589648
Power Grid Corporation of India Limited,2019-09-30,5231589648
Power Grid Corporation of India Limited,2019-06-30,5231589648
Power Grid Corporation of India Limited,2019-03-31,5231589648
Power Grid Corporation of India Limited,2018-03-31,5231589648
Power Grid Corporation of India Limited,2018-09-30,5231589648
Power Grid Corporation of India Limited,2018-06-30,5231589648
Reliance Industries Limited,2025-09-30,13532472634
Reliance Industries Limited,2024-12-31,13532372898
Reliance Industries Limited,2025-06-30,13532472634
Reliance Industries Limited,2024-09-30,6766229014
Reliance Industries Limited,2024-06-30,6766229014
Reliance Industries Limited,2025-03-31,13532372898
Reliance Industries Limited,2024-11-01,13532372898
Reliance Industries Limited,2023-12-31,6766109014
Reliance Industries Limited,2024-03-31,6766109014
Reliance Industries Limited,2023-06-30,6766109014
Reliance Industries Limited,2023-03-31,6766094014
Reliance Industries Limited,2023-09-30,6766109014
Reliance Industries Limited,2022-12-31,6765994014
Reliance Industries Limited,2022-09-30,6765994014
Reliance Industries Limited,2022-06-30,6765994014
Reliance Industries Limited,2021-12-08,6765970014
Reliance Industries Limited,2022-03-31,6765994014
Reliance Industries Limited,2021-12-31,6765994014
Reliance Industries Limited,2020-06-30,6761844754
Reliance Industries Limited,2021-06-30,6762070014
Reliance Industries Limited,2021-03-31,6762068814
Reliance Industries Limited,2021-09-30,6762070014
Reliance Industries Limited,2020-12-31,6762067614
Reliance Industries Limited,2020-09-30,6762037614
Reliance Industries Limited,2020-06-11,6761843669
Reliance Industries Limited,2020-03-31,6339267510
Reliance Industries Limited,2019-06-30,6339038430
Reliance Industries Limited,2019-12-31,6339203530
Reliance Industries Limited,2018-06-30,6336398954
Reliance Industries Limited,2018-03-31,6334651022
Reliance Industries Limited,2019-09-30,6339123229
Reliance Industries Limited,2018-12-31,6338561852
Reliance Industries Limited,2018-09-30,6338440341
Reliance Industries Limited,2019-03-31,6338693823
Reliance Industries Limited,2025-06-30,13532472634
Reliance Industries Limited,2024-12-31,13532372898
Reliance Industries Limited,2025-03-31,13532372898
Reliance Industries Limited,2025-09-30,13532472634
Reliance Industries Limited,2023-12-31,6766109014
Reliance Industries Limited,2024-11-01,13532372898
Reliance Industries Limited,2024-09-30,6766229014
Reliance Industries Limited,2024-03-31,6766109014
Reliance Industries Limited,2024-06-30,6766229014
Reliance Industries Limited,2023-09-30,6766109014
Reliance Industries Limited,2023-06-30,6766109014
Reliance Industries Limited,2023-03-31,6766094014
Reliance Industries Limited,2022-09-30,6765994014
Reliance Industries Limited,2022-12-31,6765994014
Reliance Industries Limited,2022-06-30,6765994014
Reliance Industries Limited,2022-03-31,6765994014
Reliance Industries Limited,2021-12-31,6765994014
Reliance Industries Limited,2020-06-30,6761844754
Reliance Industries Limited,2021-12-08,6765970014
Reliance Industries Limited,2021-09-30,6762070014
Reliance Industries Limited,2021-06-30,6762070014
Reliance Industries Limited,2021-03-31,6762068814
Reliance Industries Limited,2020-12-31,6762067614
Reliance Industries Limited,2020-09-30,6762037614
Reliance Industries Limited,2020-06-11,6761843669
Reliance Industries Limited,2020-03-31,6339267510
Reliance Industries Limited,2019-12-31,6339203530
Reliance Industries Limited,2019-03-31,6338693823
Reliance Industries Limited,2018-12-31,6338561852
Reliance Industries Limited,2019-09-30,6339123229
Reliance Industries Limited,2018-06-30,6336398954
Reliance Industries Limited,2019-06-30,6339038430
Reliance Industries Limited,2018-03-31,6334651022
Reliance Industries Limited,2018-09-30,6338440341
State Bank of India,2025-07-21,9230617586
State Bank of India,2025-09-30,9230617586
State Bank of India,2025-06-30,8924620034
State Bank of India,2024-12-31,8924620034
State Bank of India,2025-03-31,8924620034
State Bank of India,2024-06-30,8924612434
State Bank of India,2024-03-31,8924611934
State Bank of India,2024-09-30,8924620034
State Bank of India,2023-06-30,8924611934
State Bank of India,2023-12-31,8924611934
State Bank of India,2023-09-30,8924611934
State Bank of India,2022-09-30,8924611734
State Bank of India,2022-12-31,8924611734
State Bank of India,2023-03-31,8924611934
State Bank of India,2022-06-30,8924611734
State Bank of India,2022-03-31,8924611534
State Bank of India,2021-12-31,8924611534
State Bank of India,2021-09-30,8924611534
State Bank of India,2021-06-30,8924611534
State Bank of India,2021-03-31,8924611534
State Bank of India,2019-06-30,8924611534
State Bank of India,2019-09-30,8924611534
State Bank of India,2020-12-31,8924611534
State Bank of India,2020-06-30,8924611534
State Bank of India,2020-09-30,8924611534
State Bank of India,2018-12-31,8924587534
State Bank of India,2020-03-31,8924611534
State Bank of India,2019-12-31,8924611534
State Bank of India,2019-03-31,8924611534
State Bank of India,2018-09-30,8924587534
State Bank of India,2018-06-30,8924587534
SHREE CEMENT LIMITED,2025-09-30,36080748
SHREE CEMENT LIMITED,2025-06-30,36080748
SHREE CEMENT LIMITED,2024-06-30,36080748
SHREE CEMENT LIMITED,2023-12-31,36080748
SHREE CEMENT LIMITED,2024-12-31,36080748
SHREE CEMENT LIMITED,2025-03-31,36080748
SHREE CEMENT LIMITED,2024-09-30,36080748
SHREE CEMENT LIMITED,2024-03-31,36080748
SHREE CEMENT LIMITED,2023-09-30,36080748
SHREE CEMENT LIMITED,2023-06-30,36080748
SHREE CEMENT LIMITED,2023-03-31,36080748
SHREE CEMENT LIMITED,2022-12-31,36080748
SHREE CEMENT LIMITED,2022-09-30,36080748
SHREE CEMENT LIMITED,2022-06-30,36080748
SHREE CEMENT LIMITED,2021-12-31,36080748
SHREE CEMENT LIMITED,2022-03-31,36080748
SHREE CEMENT LIMITED,2021-03-31,36080748
SHREE CEMENT LIMITED,2020-09-30,36080748
SHREE CEMENT LIMITED,2021-09-30,36080748
SHREE CEMENT LIMITED,2020-12-31,36080748
SHREE CEMENT LIMITED,2021-06-30,36080748
SHREE CEMENT LIMITED,2020-03-31,36080748
SHREE CEMENT LIMITED,2019-12-31,36080748
SHREE CEMENT LIMITED,2020-06-30,36080748
SHREE CEMENT LIMITED,2019-09-30,34837225
SHREE CEMENT LIMITED,2019-11-23,36080748
SHREE CEMENT LIMITED,2019-06-30,34837225
SHREE CEMENT LIMITED,2019-03-31,34837225
SHREE CEMENT LIMITED,2018-12-31,34837225
SHREE CEMENT LIMITED,2018-06-30,34837225
SHREE CEMENT LIMITED,2018-09-30,34837225
SHREE CEMENT LIMITED,2018-03-31,34837225
Sun Pharmaceutical Industries Limited,2025-09-30,2399334970
Sun Pharmaceutical Industries Limited,2025-06-30,2399334970
Sun Pharmaceutical Industries Limited,2024-06-30,2399334970
Sun Pharmaceutical Industries Limited,2024-09-30,2399334970
Sun Pharmaceutical Industries Limited,2024-03-31,2399334970
Sun Pharmaceutical Industries Limited,2025-03-31,2399334970
Sun Pharmaceutical Industries Limited,2024-12-31,2399334970
Sun Pharmaceutical Industries Limited,2023-12-31,2399334970
Sun Pharmaceutical Industries Limited,2023-09-30,2399334970
Sun Pharmaceutical Industries Limited,2023-06-30,2399334970
Sun Pharmaceutical Industries Limited,2023-03-31,2399334970
Sun Pharmaceutical Industries Limited,2022-12-31,2399334970
Sun Pharmaceutical Industries Limited,2022-06-30,2399334970
Sun Pharmaceutical Industries Limited,2022-03-31,2399334970
Sun Pharmaceutical Industries Limited,2022-09-30,2399334970
Sun Pharmaceutical Industries Limited,2021-12-31,2399334970
Sun Pharmaceutical Industries Limited,2021-09-30,2399334970
Sun Pharmaceutical Industries Limited,2021-06-30,2399334970
Sun Pharmaceutical Industries Limited,2021-03-31,2399334970
Sun Pharmaceutical Industries Limited,2020-12-31,2399334970
Sun Pharmaceutical Industries Limited,2020-06-30,2399334970
Sun Pharmaceutical Industries Limited,2020-03-31,2399334970
Sun Pharmaceutical Industries Limited,2019-12-31,2399334970
Sun Pharmaceutical Industries Limited,2020-09-30,2399334970
Sun Pharmaceutical Industries Limited,2019-09-30,2399334970
Sun Pharmaceutical Industries Limited,2019-06-30,2399334970
Sun Pharmaceutical Industries Limited,2018-12-31,2399328274
Sun Pharmaceutical Industries Limited,2019-03-31,2399334970
Sun Pharmaceutical Industries Limited,2018-09-30,2399324674
Sun Pharmaceutical Industries Limited,2018-06-30,2399324494
Sun Pharmaceutical Industries Limited,2018-03-31,2399323180
TATA CONSUMER PRODUCTS LIMITED,2025-03-31,989498558
TATA CONSUMER PRODUCTS LIMITED,2024-09-30,989403547
TATA CONSUMER PRODUCTS LIMITED,2024-12-31,989458618
TATA CONSUMER PRODUCTS LIMITED,2024-06-30,952834816
TATA CONSUMER PRODUCTS LIMITED,2024-08-23,989403547
TATA CONSUMER PRODUCTS LIMITED,2024-03-31,952834816
TATA CONSUMER PRODUCTS LIMITED,2024-01-19,952834816
TATA CONSUMER PRODUCTS LIMITED,2023-12-31,929011650
TATA CONSUMER PRODUCTS LIMITED,2025-09-30,989541732
TATA CONSUMER PRODUCTS LIMITED,2023-06-30,929011650
TATA CONSUMER PRODUCTS LIMITED,2023-03-31,929011650
TATA CONSUMER PRODUCTS LIMITED,2023-09-30,929011650
TATA CONSUMER PRODUCTS LIMITED,2025-06-30,989533750
TATA CONSUMER PRODUCTS LIMITED,2022-12-31,929011650
TATA CONSUMER PRODUCTS LIMITED,2022-06-30,921551715
TATA CONSUMER PRODUCTS LIMITED,2022-03-31,921551715
TATA CONSUMER PRODUCTS LIMITED,2021-12-31,921551715
TATA CONSUMER PRODUCTS LIMITED,2022-09-30,921551715
TATA CONSUMER PRODUCTS LIMITED,2021-09-30,921551715
TATA CONSUMER PRODUCTS LIMITED,2021-03-31,921551715
TATA CONSUMER PRODUCTS LIMITED,2020-12-31,921551715
TATA CONSUMER PRODUCTS LIMITED,2020-03-31,921551715
TATA CONSUMER PRODUCTS LIMITED,2020-09-30,921551715
TATA CONSUMER PRODUCTS LIMITED,2019-03-31,631129729
TATA CONSUMER PRODUCTS LIMITED,2020-03-11,921551715
TATA CONSUMER PRODUCTS LIMITED,2019-06-30,631129729
TATA CONSUMER PRODUCTS LIMITED,2019-12-31,631129729
TATA CONSUMER PRODUCTS LIMITED,2019-09-30,631129729
TATA CONSUMER PRODUCTS LIMITED,2018-09-30,631129729
TATA CONSUMER PRODUCTS LIMITED,2018-12-31,631129729
TATA CONSUMER PRODUCTS LIMITED,2018-06-30,631129729
TATA CONSUMER PRODUCTS LIMITED,2018-03-31,631129729
Tata Steel Limited,2025-03-31,12483531541
Tata Steel Limited,2024-12-31,12483531541
Tata Steel Limited,2024-09-30,12483531541
Tata Steel Limited,2024-06-30,12483531541
Tata Steel Limited,2024-01-21,12383830302
Tata Steel Limited,2024-03-31,12483531541
Tata Steel Limited,2024-02-08,12483531541
Tata Steel Limited,2023-12-31,12297337309
Tata Steel Limited,2023-11-22,12297337309
Tata Steel Limited,2025-06-30,12483531541
Tata Steel Limited,2023-09-30,12221537000
Tata Steel Limited,2025-09-30,12483531541
Tata Steel Limited,2023-06-30,12221537000
Tata Steel Limited,2023-03-18,12223453300
Tata Steel Limited,2023-03-31,12221537000
Tata Steel Limited,2022-08-10,12215300460
Tata Steel Limited,2022-09-30,12215300460
Tata Steel Limited,2022-06-30,1221530046
Tata Steel Limited,2022-12-31,12223453300
Tata Steel Limited,2022-03-14,1221530046
Tata Steel Limited,2022-03-31,1221530046
Tata Steel Limited,2021-12-31,1221543546
Tata Steel Limited,2021-12-27,1221543546
Tata Steel Limited,2021-09-30,1204126999
Tata Steel Limited,2021-10-30,1204126999
Tata Steel Limited,2021-08-01,1204126999
Tata Steel Limited,2021-06-30,1204126999
Tata Steel Limited,2020-12-31,1204126999
Tata Steel Limited,2021-05-15,1204126999
Tata Steel Limited,2021-03-31,1204126999
Tata Steel Limited,2021-04-23,1204126999
Tata Steel Limited,2021-03-24,1204126999
Tata Steel Limited,2020-09-30,1204126999
Tata Steel Limited,2020-06-30,1204126999
Tata Steel Limited,2020-03-31,1204126999
Tata Steel Limited,2019-12-31,1204126999
Tata Steel Limited,2019-09-30,1204126385
Tata Steel Limited,2019-06-30,1204126385
Tata Steel Limited,2019-03-31,1204126385
Tata Steel Limited,2018-12-31,1204125710
Tata Steel Limited,2018-06-30,1204119440
Tata Steel Limited,2018-09-30,1204119926
Tata Steel Limited,2018-03-31,1204119440
Tata Consultancy Services Limited,2024-09-30,3618087518
Tata Consultancy Services Limited,2024-12-31,3618087518
Tata Consultancy Services Limited,2025-03-31,3618087518
Tata Consultancy Services Limited,2024-03-31,3618087518
Tata Consultancy Services Limited,2023-09-30,3659051373
Tata Consultancy Services Limited,2023-12-31,3618087518
Tata Consultancy Services Limited,2024-06-30,3618087518
Tata Consultancy Services Limited,2023-06-30,3659051373
Tata Consultancy Services Limited,2023-03-31,3659051373
Tata Consultancy Services Limited,2025-09-30,3618087518
Tata Consultancy Services Limited,2025-06-30,3618087518
Tata Consultancy Services Limited,2022-06-30,3659051373
Tata Consultancy Services Limited,2022-03-31,3659051373
Tata Consultancy Services Limited,2021-12-31,3699051373
Tata Consultancy Services Limited,2021-06-30,3699051373
Tata Consultancy Services Limited,2021-09-30,3699051373
Tata Consultancy Services Limited,2022-09-30,3659051373
Tata Consultancy Services Limited,2022-12-31,3659051373
Tata Consultancy Services Limited,2021-03-31,3699051373
Tata Consultancy Services Limited,2020-12-31,3752384706
Tata Consultancy Services Limited,2020-09-30,3752384706
Tata Consultancy Services Limited,2020-06-30,3752384706
Tata Consultancy Services Limited,2019-12-31,3752384706
Tata Consultancy Services Limited,2020-03-31,3752384706
Tata Consultancy Services Limited,2019-09-30,3752384706
Tata Consultancy Services Limited,2019-06-30,3752384706
Tata Consultancy Services Limited,2018-12-31,3752384706
Tata Consultancy Services Limited,2018-06-30,3828575182
Tata Consultancy Services Limited,2019-03-31,3752384706
Tata Consultancy Services Limited,2018-09-30,3752384706
Tata Consultancy Services Limited,2018-03-31,1914287591
Tech Mahindra Limited,2025-03-31,978993712
Tech Mahindra Limited,2025-09-30,979562303
Tech Mahindra Limited,2025-06-30,979207885
Tech Mahindra Limited,2024-09-30,978349548
Tech Mahindra Limited,2024-12-31,978787074
Tech Mahindra Limited,2024-06-30,977882361
Tech Mahindra Limited,2023-12-31,976164397
Tech Mahindra Limited,2023-09-30,975504105
Tech Mahindra Limited,2023-06-30,974699464
Tech Mahindra Limited,2024-03-31,976758523
Tech Mahindra Limited,2023-03-31,974147475
Tech Mahindra Limited,2022-12-31,973778933
Tech Mahindra Limited,2022-09-30,973159400
Tech Mahindra Limited,2022-06-30,972561468
Tech Mahindra Limited,2022-03-31,971833479
Tech Mahindra Limited,2021-12-31,970589953
Tech Mahindra Limited,2020-09-30,966598935
Tech Mahindra Limited,2021-09-30,969714371
Tech Mahindra Limited,2020-12-31,967423190
Tech Mahindra Limited,2021-06-30,968988701
Tech Mahindra Limited,2021-03-31,968260067
Tech Mahindra Limited,2020-06-30,966177667
Tech Mahindra Limited,2020-03-31,965852364
Tech Mahindra Limited,2019-12-31,965312635
Tech Mahindra Limited,2019-09-30,964844109
Tech Mahindra Limited,2019-06-30,964352304
Tech Mahindra Limited,2019-03-31,983362470
Tech Mahindra Limited,2018-12-31,981249832
Tech Mahindra Limited,2018-09-30,980798811
Tech Mahindra Limited,2018-03-31,979733808
Titan Company Limited,2025-09-30,887786160
Titan Company Limited,2025-03-31,887786160
Titan Company Limited,2024-12-31,887786160
Titan Company Limited,2024-06-30,887786160
Titan Company Limited,2024-09-30,887786160
Titan Company Limited,2023-12-31,887786160
Titan Company Limited,2024-03-31,887786160
Titan Company Limited,2023-09-30,887786160
Titan Company Limited,2023-06-30,887786160
Titan Company Limited,2023-03-31,887786160
Titan Company Limited,2022-12-31,887786160
Titan Company Limited,2025-06-30,887786160
Titan Company Limited,2022-06-30,887786160
Titan Company Limited,2021-12-31,887786160
Titan Company Limited,2021-06-30,887786160
Titan Company Limited,2022-03-31,887786160
Titan Company Limited,2021-09-30,887786160
Titan Company Limited,2020-12-31,887786160
Titan Company Limited,2022-09-30,887786160
Titan Company Limited,2021-03-31,887786160
Titan Company Limited,2020-09-30,887786160
Titan Company Limited,2020-06-30,887786160
Titan Company Limited,2019-12-31,887786160
Titan Company Limited,2020-03-31,887786160
Titan Company Limited,2019-09-30,887786160
Titan Company Limited,2019-06-30,887786160
Titan Company Limited,2018-12-31,887786160
Titan Company Limited,2019-03-31,887786160
Titan Company Limited,2018-09-30,887786160
Titan Company Limited,2018-03-31,887786160
Titan Company Limited,2018-06-30,887786160
Tata Motors Passenger Vehicles Limited,2025-03-31,3681348742
Tata Motors Passenger Vehicles Limited,2024-12-31,3681124896
Tata Motors Passenger Vehicles Limited,2024-09-30,3680884120
Tata Motors Passenger Vehicles Limited,2024-09-10,3680610556
Tata Motors Passenger Vehicles Limited,2025-06-30,3681462325
Tata Motors Passenger Vehicles Limited,2024-06-30,3323978912
Tata Motors Passenger Vehicles Limited,2023-12-31,3322847115
Tata Motors Passenger Vehicles Limited,2024-03-31,3323739001
Tata Motors Passenger Vehicles Limited,2023-09-30,3322317000
Tata Motors Passenger Vehicles Limited,2023-06-30,3321490582
Tata Motors Passenger Vehicles Limited,2023-03-31,3321344325
Tata Motors Passenger Vehicles Limited,2022-12-31,3321290234
Tata Motors Passenger Vehicles Limited,2022-09-30,3321175244
Tata Motors Passenger Vehicles Limited,2025-09-30,3682274653
Tata Motors Passenger Vehicles Limited,2022-06-30,3320912308
Tata Motors Passenger Vehicles Limited,2021-12-31,3320552265
Tata Motors Passenger Vehicles Limited,2022-03-31,3320662007
Tata Motors Passenger Vehicles Limited,2021-09-30,3320307765
Tata Motors Passenger Vehicles Limited,2021-06-30,3320307765
Tata Motors Passenger Vehicles Limited,2021-02-06,3320307765
Tata Motors Passenger Vehicles Limited,2021-03-31,3320307765
Tata Motors Passenger Vehicles Limited,2020-12-31,3088973894
Tata Motors Passenger Vehicles Limited,2020-09-30,3088973894
Tata Motors Passenger Vehicles Limited,2020-03-31,3088973894
Tata Motors Passenger Vehicles Limited,2020-06-30,3088973894
Tata Motors Passenger Vehicles Limited,2019-12-31,3088972101
Tata Motors Passenger Vehicles Limited,2019-12-12,3088972101
Tata Motors Passenger Vehicles Limited,2019-09-30,2887348694
Tata Motors Passenger Vehicles Limited,2019-06-30,2887348694
Tata Motors Passenger Vehicles Limited,2019-03-31,2887348694
Tata Motors Passenger Vehicles Limited,2018-09-30,2887348694
Tata Motors Passenger Vehicles Limited,2018-12-31,2887348694
Tata Motors Passenger Vehicles Limited,2018-06-30,2887348694
Tata Motors Passenger Vehicles Limited,2018-03-31,2887348694
UltraTech Cement Limited,2025-06-30,294679171
UltraTech Cement Limited,2025-03-31,294677410
UltraTech Cement Limited,2025-09-30,294679171
UltraTech Cement Limited,2024-12-31,288700060
UltraTech Cement Limited,2024-09-30,288697318
UltraTech Cement Limited,2024-06-30,288697318
UltraTech Cement Limited,2023-06-30,288686345
UltraTech Cement Limited,2024-03-31,288692005
UltraTech Cement Limited,2023-09-30,288686345
UltraTech Cement Limited,2023-12-31,288686674
UltraTech Cement Limited,2022-12-31,288677471
UltraTech Cement Limited,2023-03-31,288686345
UltraTech Cement Limited,2022-06-30,288670847
UltraTech Cement Limited,2022-09-30,288671933
UltraTech Cement Limited,2022-03-31,288670847
UltraTech Cement Limited,2021-12-31,288664987
UltraTech Cement Limited,2021-09-30,288659566
UltraTech Cement Limited,2021-06-30,288654448
UltraTech Cement Limited,2020-09-30,288626076
UltraTech Cement Limited,2021-03-31,288653398
UltraTech Cement Limited,2020-12-31,288636906
UltraTech Cement Limited,2020-03-31,288625105
UltraTech Cement Limited,2019-09-30,274650508
UltraTech Cement Limited,2019-06-30,274649850
UltraTech Cement Limited,2019-10-16,288613666
UltraTech Cement Limited,2019-12-31,288618016
UltraTech Cement Limited,2019-03-31,274642720
UltraTech Cement Limited,2018-12-31,274635762
UltraTech Cement Limited,2018-09-30,274625869
UltraTech Cement Limited,2018-06-30,274619071
UltraTech Cement Limited,2018-03-31,274613985
UPL Limited,2025-09-30,844433596
UPL Limited,2025-03-31,844433596
UPL Limited,2025-01-27,844433596
UPL Limited,2024-12-31,844400270
UPL Limited,2025-06-30,844433596
UPL Limited,2024-09-30,750607641
UPL Limited,2024-12-27,844400270
UPL Limited,2024-06-30,750607641
UPL Limited,2024-03-31,750607641
UPL Limited,2023-12-31,750607641
UPL Limited,2023-06-30,750607641
UPL Limited,2023-09-30,750607641
UPL Limited,2022-06-30,750607641
UPL Limited,2022-03-31,764045456
UPL Limited,2021-09-30,764045456
UPL Limited,2022-12-31,750607641
UPL Limited,2022-09-30,750607641
UPL Limited,2023-03-31,750607641
UPL Limited,2021-03-31,764045456
UPL Limited,2021-06-30,764045456
UPL Limited,2020-12-31,764045456
UPL Limited,2020-09-30,764045456
UPL Limited,2020-06-30,764045456
UPL Limited,2020-03-31,764045456
UPL Limited,2019-03-31,509342670
UPL Limited,2018-06-30,509342670
UPL Limited,2019-12-31,764045456
UPL Limited,2018-03-31,509333081
UPL Limited,2019-07-03,764014005
UPL Limited,2018-09-30,509342670
UPL Limited,2018-12-31,509342670
UPL Limited,2019-06-30,509342670
UPL Limited,2019-09-30,764022956
Wipro Limited,2025-09-30,10483772400
Wipro Limited,2025-06-30,10482318130
Wipro Limited,2024-11-08,5231754495
Wipro Limited,2025-03-31,10472136049
Wipro Limited,2024-12-10,10464188804
Wipro Limited,2025-06-13,10481700300
Wipro Limited,2024-12-31,10469234681
Wipro Limited,2024-06-30,5230164205
Wipro Limited,2024-09-30,5231382705
Wipro Limited,2024-03-31,5225138246
Wipro Limited,2024-01-30,5224402361
Wipro Limited,2023-12-31,5224235632
Wipro Limited,2023-09-30,5221800302
Wipro Limited,2023-03-31,5487917741
Wipro Limited,2022-06-30,5482346780
Wipro Limited,2022-03-31,5482070115
Wipro Limited,2023-06-30,5488841993
Wipro Limited,2022-12-31,5486762666
Wipro Limited,2022-09-30,5485541640
Wipro Limited,2021-06-30,5479239889
Wipro Limited,2021-09-30,5480819197
Wipro Limited,2021-12-31,5481283211
Wipro Limited,2021-01-19,5477838089
Wipro Limited,2021-03-31,5479138555
Wipro Limited,2020-12-31,5715338089
Wipro Limited,2020-09-30,5714950888
Wipro Limited,2019-12-31,5713022469
Wipro Limited,2019-09-30,5712906868
Wipro Limited,2020-03-31,5713357390
Wipro Limited,2020-06-30,5714438884
Wipro Limited,2019-09-09,5712282652
Wipro Limited,2019-06-30,6035359575
Wipro Limited,2019-03-08,6033876721
Wipro Limited,2019-03-31,6033935388
Wipro Limited,2018-09-30,4524079523
Wipro Limited,2018-12-31,4525022173
Wipro Limited,2018-03-31,4523784491
Wipro Limited,2018-06-30,4523995447
